5402,83.149.11.115,success,1558430815
23064,66.249.3.15,fail,1558430826
5692,80.149.25.29,fail,1558430833
7233,86.226.15.75,success,1558430832
5692,80.149.25.29,success,1558430840
29607,66.249.73.135,success,1558430841
1035,83.149.9.216,fail,1558430842
1035,83.149.9.216,fail,1558430843
1035,83.149.24.26,fail,1558430844
1035,83.149.24.26,fail,1558430899
1035,83.149.24.26,fail,1558430900
1035,83.149.24.26,fail,1558430911
1035,83.149.24.26,fail,1558430911
1035,83.149.24.26,fail,1558430911
1035,83.149.24.26,fail,1558430911
1035,83.149.24.26,fail,1558430911
1035,83.149.24.26,fail,1558430911
1035,83.149.24.26,fail,1558430911
1035,83.149.24.26,fail,1558430911
1035,83.149.24.26,fail,1558430911
1035,83.149.24.26,fail,1558430911
1035,83.149.24.26,fail,1558430911
1035,83.149.24.26,fail,1558430911
1035,83.149.24.26,fail,1558430911
1035,83.149.24.26,fail,1558430911
1035,83.149.24.26,fail,1558430911
1035,83.149.24.26,fail,1558430911
1035,83.149.24.26,fail,1558430911
1035,83.149.24.26,fail,1558430911
1035,83.149.24.26,fail,1558430911
1035,83.149.24.26,fail,1558430911
1035,83.149.24.26,fail,1558430911
1035,83.149.24.26,fail,1558430911
1035,83.149.24.26,fail,1558430911
1035,83.149.24.26,fail,1558430911
1035,83.149.24.26,fail,1558430911
1035,83.149.24.26,fail,1558430911
1035,83.149.24.26,fail,1558430911
1035,83.149.24.26,fail,1558430911
1035,83.149.24.26,fail,1558430911
1035,83.149.24.26,fail,1558430911
1035,83.149.24.26,fail,1558430911
1035,83.149.24.26,fail,1558430911
1035,83.149.24.26,fail,1558430911
1035,83.149.24.26,fail,1558430911
1035,83.149.24.26,fail,1558430911
1035,83.149.24.26,fail,1558430911
1035,83.149.24.26,fail,1558430911
1035,83.149.24.26,fail,1558430911
1035,83.149.24.26,fail,1558430911
1035,83.149.24.26,fail,1558430911
1035,83.149.24.26,fail,1558430911
1035,83.149.24.26,fail,1558430911
1035,83.149.24.26,fail,1558430911
1035,83.149.24.26,fail,1558430911
1035,83.149.24.26,fail,1558430911
1035,83.149.24.26,fail,1558430911
1035,83.149.24.26,fail,1558430911
1035,83.149.24.26,fail,1558430911
1035,83.149.24.26,fail,1558430911
1035,83.149.24.26,fail,1558430911
1035,83.149.24.26,fail,1558430911
1035,83.149.24.26,fail,1558430911
1035,83.149.24.26,fail,1558430911
1035,83.149.24.26,fail,1558430911
1035,83.149.24.26,fail,1558430911
1035,83.149.24.26,fail,1558430911
1035,83.149.24.26,fail,1558430911
1035,83.149.24.26,fail,1558430911
1035,83.149.24.26,fail,1558430911
1035,83.149.24.26,fail,1558430911
1035,83.149.24.26,fail,1558430911
1035,83.149.24.26,fail,1558430911
1035,83.149.24.26,fail,1558430911
1035,83.149.24.26,fail,1558430911
1035,83.149.24.26,fail,1558430911
1035,83.149.24.26,fail,1558430911
1035,83.149.24.26,fail,1558430911
1035,83.149.24.26,fail,1558430911
1035,83.149.24.26,fail,1558430911
1035,83.149.24.26,fail,1558430911
1035,83.149.24.26,fail,1558430911
1035,83.149.24.26,fail,1558430911
1035,83.149.24.26,fail,1558430911
1035,83.149.24.26,fail,1558430911
1035,83.149.24.26,fail,1558430911
1035,83.149.24.26,fail,1558430911
1035,83.149.24.26,fail,1558430911
1035,83.149.24.26,fail,1558430911
1035,83.149.24.26,fail,1558430911
1035,83.149.24.26,fail,1558430911
1035,83.149.24.26,fail,1558430911
1035,83.149.24.26,fail,1558430911
1035,83.149.24.26,fail,1558430911
1035,83.149.24.26,fail,1558430911
1035,83.149.24.26,fail,1558430911
1035,83.149.24.26,fail,1558430911
1035,83.149.24.26,fail,1558430911
1035,83.149.24.26,fail,1558430911
1035,83.149.24.26,fail,1558430911
1035,83.149.24.26,fail,1558430911
1035,83.149.24.26,fail,1558430911
1035,83.149.24.26,fail,1558430911
1035,83.149.24.26,fail,1558430911
1035,83.149.24.26,fail,1558430911
1035,83.149.24.26,fail,1558430911
1035,83.149.24.26,fail,1558430911
1035,83.149.24.26,fail,1558430911
1035,83.149.24.26,fail,1558430911
1035,83.149.24.26,fail,1558430911
1035,83.149.24.26,fail,1558430911
1035,83.149.24.26,fail,1558430911
1035,83.149.24.26,fail,1558430911
1035,83.149.24.26,fail,1558430911
1035,83.149.24.26,fail,1558430911
1035,83.149.24.26,fail,1558430911
1035,83.149.24.26,fail,1558430911
1035,83.149.24.26,fail,1558430911
1035,83.149.24.26,fail,1558430911
1035,83.149.24.26,fail,1558430911
1035,83.149.24.26,fail,1558430911
1035,83.149.24.26,fail,1558430911
1035,83.149.24.26,fail,1558430911
1035,83.149.24.26,fail,1558430911
1035,83.149.24.26,fail,1558430911
1035,83.149.24.26,fail,1558430911
1035,83.149.24.26,fail,1558430911
1035,83.149.24.26,fail,1558430911
1035,83.149.24.26,fail,1558430911
1035,83.149.24.26,fail,1558430911
1035,83.149.24.26,fail,1558430911
1035,83.149.24.26,fail,1558430911
1035,83.149.24.26,fail,1558430911
1035,83.149.24.26,fail,1558430911
1035,83.149.24.26,fail,1558430911
1035,83.149.24.26,fail,1558430911
1035,83.149.24.26,fail,1558430911
1035,83.149.24.26,fail,1558430911
1035,83.149.24.26,fail,1558430911
1035,83.149.24.26,fail,1558430911
1035,83.149.24.26,fail,1558430911
1035,83.149.24.26,fail,1558430911
1035,83.149.24.26,fail,1558430911
1035,83.149.24.26,fail,1558430911
1035,83.149.24.26,fail,1558430911
1035,83.149.24.26,fail,1558430911
1035,83.149.24.26,fail,1558430911
1035,83.149.24.26,fail,1558430911
1035,83.149.24.26,fail,1558430911
1035,83.149.24.26,fail,1558430911
1035,83.149.24.26,fail,1558430911
1035,83.149.24.26,fail,1558430911
1035,83.149.24.26,fail,1558430911
1035,83.149.24.26,fail,1558430911
1035,83.149.24.26,fail,1558430911
1035,83.149.24.26,fail,1558430911
1035,83.149.24.26,fail,1558430911
1035,83.149.24.26,fail,1558430911
1035,83.149.24.26,fail,1558430911
1035,83.149.24.26,fail,1558430911
1035,83.149.24.26,fail,1558430911
1035,83.149.24.26,fail,1558430911
1035,83.149.24.26,fail,1558430911
1035,83.149.24.26,fail,1558430911
1035,83.149.24.26,fail,1558430911
1035,83.149.24.26,fail,1558430911
1035,83.149.24.26,fail,1558430911
1035,83.149.24.26,fail,1558430911
1035,83.149.24.26,fail,1558430911
1035,83.149.24.26,fail,1558430911
1035,83.149.24.26,fail,1558430911
1035,83.149.24.26,fail,1558430911
1035,83.149.24.26,fail,1558430911
1035,83.149.24.26,fail,1558430911
1035,83.149.24.26,fail,1558430911
1035,83.149.24.26,fail,1558430911
1035,83.149.24.26,fail,1558430911
1035,83.149.24.26,fail,1558430911
1035,83.149.24.26,fail,1558430911
1035,83.149.24.26,fail,1558430911
1035,83.149.24.26,fail,1558430911
1035,83.149.24.26,fail,1558430911
1035,83.149.24.26,fail,1558430911
1035,83.149.24.26,fail,1558430911
1035,83.149.24.26,fail,1558430911
1035,83.149.24.26,fail,1558430911
1035,83.149.24.26,fail,1558430911
1035,83.149.24.26,fail,1558430911
1035,83.149.24.26,fail,1558430911
1035,83.149.24.26,fail,1558430911
1035,83.149.24.26,fail,1558430911
1035,83.149.24.26,fail,1558430911
1035,83.149.24.26,fail,1558430911
1035,83.149.24.26,fail,1558430911
1035,83.149.24.26,fail,1558430911
1035,83.149.24.26,fail,1558430911
1035,83.149.24.26,fail,1558430911
1035,83.149.24.26,fail,1558430911
1035,83.149.24.26,fail,1558430911
1035,83.149.24.26,fail,1558430911
1035,83.149.24.26,fail,1558430911
1035,83.149.24.26,fail,1558430911
1035,83.149.24.26,fail,1558430911
1035,83.149.24.26,fail,1558430911
1035,83.149.24.26,fail,1558430911
1035,83.149.24.26,fail,1558430911
1035,83.149.24.26,fail,1558430911
1035,83.149.24.26,fail,1558430911
1035,83.149.24.26,fail,1558430911
1035,83.149.24.26,fail,1558430911
1035,83.149.24.26,fail,1558430911
1035,83.149.24.26,fail,1558430911
1035,83.149.24.26,fail,1558430911
1035,83.149.24.26,fail,1558430911
1035,83.149.24.26,fail,1558430911
1035,83.149.24.26,fail,1558430911
1035,83.149.24.26,fail,1558430911
1035,83.149.24.26,fail,1558430911
1035,83.149.24.26,fail,1558430911
1035,83.149.24.26,fail,1558430911
1035,83.149.24.26,fail,1558430911
1035,83.149.24.26,fail,1558430911
1035,83.149.24.26,fail,1558430911
1035,83.149.24.26,fail,1558430911
1035,83.149.24.26,fail,1558430911
1035,83.149.24.26,fail,1558430911
1035,83.149.24.26,fail,1558430911
1035,83.149.24.26,fail,1558430911
1035,83.149.24.26,fail,1558430911
1035,83.149.24.26,fail,1558430911
1035,83.149.24.26,fail,1558430911
1035,83.149.24.26,fail,1558430911
1035,83.149.24.26,fail,1558430911
1035,83.149.24.26,fail,1558430911
1035,83.149.24.26,fail,1558430911
1035,83.149.24.26,fail,1558430911
1035,83.149.24.26,fail,1558430911
1035,83.149.24.26,fail,1558430911
1035,83.149.24.26,fail,1558430911
1035,83.149.24.26,fail,1558430911
1035,83.149.24.26,fail,1558430911
1035,83.149.24.26,fail,1558430911
1035,83.149.24.26,fail,1558430911
1035,83.149.24.26,fail,1558430911
1035,83.149.24.26,fail,1558430911
1035,83.149.24.26,fail,1558430911
1035,83.149.24.26,fail,1558430911
1035,83.149.24.26,fail,1558430911
1035,83.149.24.26,fail,1558430911
1035,83.149.24.26,fail,1558430911
1035,83.149.24.26,fail,1558430911
1035,83.149.24.26,fail,1558430911
1035,83.149.24.26,fail,1558430911
1035,83.149.24.26,fail,1558430911
1035,83.149.24.26,fail,1558430911
1035,83.149.24.26,fail,1558430911
1035,83.149.24.26,fail,1558430911
1035,83.149.24.26,fail,1558430911
1035,83.149.24.26,fail,1558430911
1035,83.149.24.26,fail,1558430911
1035,83.149.24.26,fail,1558430911
1035,83.149.24.26,fail,1558430911
1035,83.149.24.26,fail,1558430911
1035,83.149.24.26,fail,1558430911
1035,83.149.24.26,fail,1558430911
1035,83.149.24.26,fail,1558430911
1035,83.149.24.26,fail,1558430911
1035,83.149.24.26,fail,1558430911
1035,83.149.24.26,fail,1558430911
1035,83.149.24.26,fail,1558430911
1035,83.149.24.26,fail,1558430911
1035,83.149.24.26,fail,1558430911
1035,83.149.24.26,fail,1558430911
1035,83.149.24.26,fail,1558430911
1035,83.149.24.26,fail,1558430911
1035,83.149.24.26,fail,1558430911
1035,83.149.24.26,fail,1558430911
1035,83.149.24.26,fail,1558430911
1035,83.149.24.26,fail,1558430911
1035,83.149.24.26,fail,1558430911
1035,83.149.24.26,fail,1558430911
1035,83.149.24.26,fail,1558430911
1035,83.149.24.26,fail,1558430911
1035,83.149.24.26,fail,1558430911
1035,83.149.24.26,fail,1558430911
1035,83.149.24.26,fail,1558430911
1035,83.149.24.26,fail,1558430911
1035,83.149.24.26,fail,1558430911
1035,83.149.24.26,fail,1558430911
1035,83.149.24.26,fail,1558430911
1035,83.149.24.26,fail,1558430911
1035,83.149.24.26,fail,1558430911
1035,83.149.24.26,fail,1558430911
1035,83.149.24.26,fail,1558430911
1035,83.149.24.26,fail,1558430911
1035,83.149.24.26,fail,1558430911
1035,83.149.24.26,fail,1558430911
1035,83.149.24.26,fail,1558430911
1035,83.149.24.26,fail,1558430911
1035,83.149.24.26,fail,1558430911
1035,83.149.24.26,fail,1558430911
1035,83.149.24.26,fail,1558430911
1035,83.149.24.26,fail,1558430911
1035,83.149.24.26,fail,1558430911
1035,83.149.24.26,fail,1558430911
1035,83.149.24.26,fail,1558430911
1035,83.149.24.26,fail,1558430911
1035,83.149.24.26,fail,1558430911
1035,83.149.24.26,fail,1558430911
1035,83.149.24.26,fail,1558430911
1035,83.149.24.26,fail,1558430911
1035,83.149.24.26,fail,1558430911
1035,83.149.24.26,fail,1558430911
1035,83.149.24.26,fail,1558430911
1035,83.149.24.26,fail,1558430911
1035,83.149.24.26,fail,1558430911
1035,83.149.24.26,fail,1558430911
1035,83.149.24.26,fail,1558430911
1035,83.149.24.26,fail,1558430911
1035,83.149.24.26,fail,1558430911
1035,83.149.24.26,fail,1558430911
1035,83.149.24.26,fail,1558430911
1035,83.149.24.26,fail,1558430911
1035,83.149.24.26,fail,1558430911
1035,83.149.24.26,fail,1558430911
1035,83.149.24.26,fail,1558430911
1035,83.149.24.26,fail,1558430911
1035,83.149.24.26,fail,1558430911
1035,83.149.24.26,fail,1558430911
1035,83.149.24.26,fail,1558430911
1035,83.149.24.26,fail,1558430911
1035,83.149.24.26,fail,1558430911
1035,83.149.24.26,fail,1558430911
1035,83.149.24.26,fail,1558430911
1035,83.149.24.26,fail,1558430911
1035,83.149.24.26,fail,1558430911
1035,83.149.24.26,fail,1558430911
1035,83.149.24.26,fail,1558430911
1035,83.149.24.26,fail,1558430911
1035,83.149.24.26,fail,1558430911
1035,83.149.24.26,fail,1558430911
1035,83.149.24.26,fail,1558430911
1035,83.149.24.26,fail,1558430911
1035,83.149.24.26,fail,1558430911
1035,83.149.24.26,fail,1558430911
1035,83.149.24.26,fail,1558430911
1035,83.149.24.26,fail,1558430911
1035,83.149.24.26,fail,1558430911
1035,83.149.24.26,fail,1558430911
1035,83.149.24.26,fail,1558430911
1035,83.149.24.26,fail,1558430911
1035,83.149.24.26,fail,1558430911
1035,83.149.24.26,fail,1558430911
1035,83.149.24.26,fail,1558430911
1035,83.149.24.26,fail,1558430911
1035,83.149.24.26,fail,1558430911
1035,83.149.24.26,fail,1558430911
1035,83.149.24.26,fail,1558430911
1035,83.149.24.26,fail,1558430911
1035,83.149.24.26,fail,1558430911
1035,83.149.24.26,fail,1558430911
1035,83.149.24.26,fail,1558430911
1035,83.149.24.26,fail,1558430911
1035,83.149.24.26,fail,1558430911
1035,83.149.24.26,fail,1558430911
1035,83.149.24.26,fail,1558430911
1035,83.149.24.26,fail,1558430911
1035,83.149.24.26,fail,1558430911
1035,83.149.24.26,fail,1558430911
1035,83.149.24.26,fail,1558430911
1035,83.149.24.26,fail,1558430911
1035,83.149.24.26,fail,1558430911
1035,83.149.24.26,fail,1558430911
1035,83.149.24.26,fail,1558430911
1035,83.149.24.26,fail,1558430911
1035,83.149.24.26,fail,1558430911
1035,83.149.24.26,fail,1558430911
1035,83.149.24.26,fail,1558430911
1035,83.149.24.26,fail,1558430911
1035,83.149.24.26,fail,1558430911
1035,83.149.24.26,fail,1558430911
1035,83.149.24.26,fail,1558430911
1035,83.149.24.26,fail,1558430911
1035,83.149.24.26,fail,1558430911
1035,83.149.24.26,fail,1558430911
1035,83.149.24.26,fail,1558430911
1035,83.149.24.26,fail,1558430911
1035,83.149.24.26,fail,1558430911
1035,83.149.24.26,fail,1558430911
1035,83.149.24.26,fail,1558430911
1035,83.149.24.26,fail,1558430911
1035,83.149.24.26,fail,1558430911
1035,83.149.24.26,fail,1558430911
1035,83.149.24.26,fail,1558430911
1035,83.149.24.26,fail,1558430911
1035,83.149.24.26,fail,1558430911
1035,83.149.24.26,fail,1558430911
1035,83.149.24.26,fail,1558430911
1035,83.149.24.26,fail,1558430911
1035,83.149.24.26,fail,1558430911
1035,83.149.24.26,fail,1558430911
1035,83.149.24.26,fail,1558430911
1035,83.149.24.26,fail,1558430911
1035,83.149.24.26,fail,1558430911
1035,83.149.24.26,fail,1558430911
1035,83.149.24.26,fail,1558430911
1035,83.149.24.26,fail,1558430911
1035,83.149.24.26,fail,1558430911
1035,83.149.24.26,fail,1558430911
1035,83.149.24.26,fail,1558430911
1035,83.149.24.26,fail,1558430911
1035,83.149.24.26,fail,1558430911
1035,83.149.24.26,fail,1558430911
1035,83.149.24.26,fail,1558430911
1035,83.149.24.26,fail,1558430911
1035,83.149.24.26,fail,1558430911
1035,83.149.24.26,fail,1558430911
1035,83.149.24.26,fail,1558430911
1035,83.149.24.26,fail,1558430911
1035,83.149.24.26,fail,1558430911
1035,83.149.24.26,fail,1558430911
1035,83.149.24.26,fail,1558430911
1035,83.149.24.26,fail,1558430911
1035,83.149.24.26,fail,1558430911
1035,83.149.24.26,fail,1558430911
1035,83.149.24.26,fail,1558430911
1035,83.149.24.26,fail,1558430911
1035,83.149.24.26,fail,1558430911
1035,83.149.24.26,fail,1558430911
1035,83.149.24.26,fail,1558430911
1035,83.149.24.26,fail,1558430911
1035,83.149.24.26,fail,1558430911
1035,83.149.24.26,fail,1558430911
1035,83.149.24.26,fail,1558430911
1035,83.149.24.26,fail,1558430911
1035,83.149.24.26,fail,1558430911
1035,83.149.24.26,fail,1558430911
1035,83.149.24.26,fail,1558430911
1035,83.149.24.26,fail,1558430911
1035,83.149.24.26,fail,1558430911
1035,83.149.24.26,fail,1558430911
1035,83.149.24.26,fail,1558430911
1035,83.149.24.26,fail,1558430911
1035,83.149.24.26,fail,1558430911
1035,83.149.24.26,fail,1558430911
1035,83.149.24.26,fail,1558430911
1035,83.149.24.26,fail,1558430911
1035,83.149.24.26,fail,1558430911
1035,83.149.24.26,fail,1558430911
1035,83.149.24.26,fail,1558430911
1035,83.149.24.26,fail,1558430911
1035,83.149.24.26,fail,1558430911
1035,83.149.24.26,fail,1558430911
1035,83.149.24.26,fail,1558430911
1035,83.149.24.26,fail,1558430911
1035,83.149.24.26,fail,1558430911
1035,83.149.24.26,fail,1558430911
1035,83.149.24.26,fail,1558430911
1035,83.149.24.26,fail,1558430911
1035,83.149.24.26,fail,1558430911
1035,83.149.24.26,fail,1558430911
1035,83.149.24.26,fail,1558430911
1035,83.149.24.26,fail,1558430911
1035,83.149.24.26,fail,1558430911
1035,83.149.24.26,fail,1558430911
1035,83.149.24.26,fail,1558430911
1035,83.149.24.26,fail,1558430911
1035,83.149.24.26,fail,1558430911
1035,83.149.24.26,fail,1558430911
1035,83.149.24.26,fail,1558430911
1035,83.149.24.26,fail,1558430911
1035,83.149.24.26,fail,1558430911
1035,83.149.24.26,fail,1558430911
1035,83.149.24.26,fail,1558430911
1035,83.149.24.26,fail,1558430911
1035,83.149.24.26,fail,1558430911
1035,83.149.24.26,fail,1558430911
1035,83.149.24.26,fail,1558430911
1035,83.149.24.26,fail,1558430911
1035,83.149.24.26,fail,1558430911
1035,83.149.24.26,fail,1558430911
1035,83.149.24.26,fail,1558430911
1035,83.149.24.26,fail,1558430911
1035,83.149.24.26,fail,1558430911
1035,83.149.24.26,fail,1558430911
1035,83.149.24.26,fail,1558430911
1035,83.149.24.26,fail,1558430911
1035,83.149.24.26,fail,1558430911
1035,83.149.24.26,fail,1558430911
1035,83.149.24.26,fail,1558430911
1035,83.149.24.26,fail,1558430911
1035,83.149.24.26,fail,1558430911
1035,83.149.24.26,fail,1558430911
1035,83.149.24.26,fail,1558430911
1035,83.149.24.26,fail,1558430911
1035,83.149.24.26,fail,1558430911
1035,83.149.24.26,fail,1558430911
1035,83.149.24.26,fail,1558430911
1035,83.149.24.26,fail,1558430911
1035,83.149.24.26,fail,1558430911
1035,83.149.24.26,fail,1558430911
1035,83.149.24.26,fail,1558430911
1035,83.149.24.26,fail,1558430911
1035,83.149.24.26,fail,1558430911
1035,83.149.24.26,fail,1558430911
1035,83.149.24.26,fail,1558430911
1035,83.149.24.26,fail,1558430911
1035,83.149.24.26,fail,1558430911
1035,83.149.24.26,fail,1558430911
1035,83.149.24.26,fail,1558430911
1035,83.149.24.26,fail,1558430911
1035,83.149.24.26,fail,1558430911
1035,83.149.24.26,fail,1558430911
1035,83.149.24.26,fail,1558430911
1035,83.149.24.26,fail,1558430911
1035,83.149.24.26,fail,1558430911
1035,83.149.24.26,fail,1558430911
1035,83.149.24.26,fail,1558430911
1035,83.149.24.26,fail,1558430911
1035,83.149.24.26,fail,1558430911
1035,83.149.24.26,fail,1558430911
1035,83.149.24.26,fail,1558430911
1035,83.149.24.26,fail,1558430911
1035,83.149.24.26,fail,1558430911
1035,83.149.24.26,fail,1558430911
1035,83.149.24.26,fail,1558430911
1035,83.149.24.26,fail,1558430911
1035,83.149.24.26,fail,1558430911
1035,83.149.24.26,fail,1558430911
1035,83.149.24.26,fail,1558430911
1035,83.149.24.26,fail,1558430911
1035,83.149.24.26,fail,1558430911
1035,83.149.24.26,fail,1558430911
1035,83.149.24.26,fail,1558430911
1035,83.149.24.26,fail,1558430911
1035,83.149.24.26,fail,1558430911
1035,83.149.24.26,fail,1558430911
1035,83.149.24.26,fail,1558430911
1035,83.149.24.26,fail,1558430911
1035,83.149.24.26,fail,1558430911
1035,83.149.24.26,fail,1558430911
1035,83.149.24.26,fail,1558430911
1035,83.149.24.26,fail,1558430911
1035,83.149.24.26,fail,1558430911
1035,83.149.24.26,fail,1558430911
1035,83.149.24.26,fail,1558430911
1035,83.149.24.26,fail,1558430911
1035,83.149.24.26,fail,1558430911
1035,83.149.24.26,fail,1558430911
1035,83.149.24.26,fail,1558430911
1035,83.149.24.26,fail,1558430911
1035,83.149.24.26,fail,1558430911
1035,83.149.24.26,fail,1558430911
1035,83.149.24.26,fail,1558430911
1035,83.149.24.26,fail,1558430911
1035,83.149.24.26,fail,1558430911
1035,83.149.24.26,fail,1558430911
1035,83.149.24.26,fail,1558430911
1035,83.149.24.26,fail,1558430911
1035,83.149.24.26,fail,1558430911
1035,83.149.24.26,fail,1558430911
1035,83.149.24.26,fail,1558430911
1035,83.149.24.26,fail,1558430911
1035,83.149.24.26,fail,1558430911
1035,83.149.24.26,fail,1558430911
1035,83.149.24.26,fail,1558430911
1035,83.149.24.26,fail,1558430911
1035,83.149.24.26,fail,1558430911
1035,83.149.24.26,fail,1558430911
1035,83.149.24.26,fail,1558430911
1035,83.149.24.26,fail,1558430911
1035,83.149.24.26,fail,1558430911
1035,83.149.24.26,fail,1558430911
1035,83.149.24.26,fail,1558430911
1035,83.149.24.26,fail,1558430911
1035,83.149.24.26,fail,1558430911
1035,83.149.24.26,fail,1558430911
1035,83.149.24.26,fail,1558430911
1035,83.149.24.26,fail,1558430911
1035,83.149.24.26,fail,1558430911
1035,83.149.24.26,fail,1558430911
1035,83.149.24.26,fail,1558430911
1035,83.149.24.26,fail,1558430911
1035,83.149.24.26,fail,1558430911
1035,83.149.24.26,fail,1558430911
1035,83.149.24.26,fail,1558430911
1035,83.149.24.26,fail,1558430911
1035,83.149.24.26,fail,1558430911
1035,83.149.24.26,fail,1558430911
1035,83.149.24.26,fail,1558430911
1035,83.149.24.26,fail,1558430911
1035,83.149.24.26,fail,1558430911
1035,83.149.24.26,fail,1558430911
1035,83.149.24.26,fail,1558430911
1035,83.149.24.26,fail,1558430911
1035,83.149.24.26,fail,1558430911
1035,83.149.24.26,fail,1558430911
1035,83.149.24.26,fail,1558430911
1035,83.149.24.26,fail,1558430911
1035,83.149.24.26,fail,1558430911
1035,83.149.24.26,fail,1558430911
1035,83.149.24.26,fail,1558430911
1035,83.149.24.26,fail,1558430911
1035,83.149.24.26,fail,1558430911
1035,83.149.24.26,fail,1558430911
1035,83.149.24.26,fail,1558430911
1035,83.149.24.26,fail,1558430911
1035,83.149.24.26,fail,1558430911
1035,83.149.24.26,fail,1558430911
1035,83.149.24.26,fail,1558430911
1035,83.149.24.26,fail,1558430911
1035,83.149.24.26,fail,1558430911
1035,83.149.24.26,fail,1558430911
1035,83.149.24.26,fail,1558430911
1035,83.149.24.26,fail,1558430911
1035,83.149.24.26,fail,1558430911
1035,83.149.24.26,fail,1558430911
1035,83.149.24.26,fail,1558430911
1035,83.149.24.26,fail,1558430911
1035,83.149.24.26,fail,1558430911
1035,83.149.24.26,fail,1558430911
1035,83.149.24.26,fail,1558430911
1035,83.149.24.26,fail,1558430911
1035,83.149.24.26,fail,1558430911
1035,83.149.24.26,fail,1558430911
1035,83.149.24.26,fail,1558430911
1035,83.149.24.26,fail,1558430911
1035,83.149.24.26,fail,1558430911
1035,83.149.24.26,fail,1558430911
1035,83.149.24.26,fail,1558430911
1035,83.149.24.26,fail,1558430911
1035,83.149.24.26,fail,1558430911
1035,83.149.24.26,fail,1558430911
1035,83.149.24.26,fail,1558430911
1035,83.149.24.26,fail,1558430911
1035,83.149.24.26,fail,1558430911
1035,83.149.24.26,fail,1558430911
1035,83.149.24.26,fail,1558430911
1035,83.149.24.26,fail,1558430911
1035,83.149.24.26,fail,1558430911
1035,83.149.24.26,fail,1558430911
1035,83.149.24.26,fail,1558430911
1035,83.149.24.26,fail,1558430911
1035,83.149.24.26,fail,1558430911
1035,83.149.24.26,fail,1558430911
1035,83.149.24.26,fail,1558430911
1035,83.149.24.26,fail,1558430911
1035,83.149.24.26,fail,1558430911
1035,83.149.24.26,fail,1558430911
1035,83.149.24.26,fail,1558430911
1035,83.149.24.26,fail,1558430911
1035,83.149.24.26,fail,1558430911
1035,83.149.24.26,fail,1558430911
1035,83.149.24.26,fail,1558430911
1035,83.149.24.26,fail,1558430911
1035,83.149.24.26,fail,1558430911
1035,83.149.24.26,fail,1558430911
1035,83.149.24.26,fail,1558430911
1035,83.149.24.26,fail,1558430911
1035,83.149.24.26,fail,1558430911
1035,83.149.24.26,fail,1558430911
1035,83.149.24.26,fail,1558430911
1035,83.149.24.26,fail,1558430911
1035,83.149.24.26,fail,1558430911
1035,83.149.24.26,fail,1558430911
1035,83.149.24.26,fail,1558430911
1035,83.149.24.26,fail,1558430911
1035,83.149.24.26,fail,1558430911
1035,83.149.24.26,fail,1558430911
1035,83.149.24.26,fail,1558430911
1035,83.149.24.26,fail,1558430911
1035,83.149.24.26,fail,1558430911
1035,83.149.24.26,fail,1558430911
1035,83.149.24.26,fail,1558430911
1035,83.149.24.26,fail,1558430911
1035,83.149.24.26,fail,1558430911
1035,83.149.24.26,fail,1558430911
1035,83.149.24.26,fail,1558430911
1035,83.149.24.26,fail,1558430911
1035,83.149.24.26,fail,1558430911
1035,83.149.24.26,fail,1558430911
1035,83.149.24.26,fail,1558430911
1035,83.149.24.26,fail,1558430911
1035,83.149.24.26,fail,1558430911
1035,83.149.24.26,fail,1558430911
1035,83.149.24.26,fail,1558430911
1035,83.149.24.26,fail,1558430911
1035,83.149.24.26,fail,1558430911
1035,83.149.24.26,fail,1558430911
1035,83.149.24.26,fail,1558430911
1035,83.149.24.26,fail,1558430911
1035,83.149.24.26,fail,1558430911
1035,83.149.24.26,fail,1558430911
1035,83.149.24.26,fail,1558430911
1035,83.149.24.26,fail,1558430911
1035,83.149.24.26,fail,1558430911
1035,83.149.24.26,fail,1558430911
1035,83.149.24.26,fail,1558430911
1035,83.149.24.26,fail,1558430911
1035,83.149.24.26,fail,1558430911
1035,83.149.24.26,fail,1558430911
1035,83.149.24.26,fail,1558430911
1035,83.149.24.26,fail,1558430911
1035,83.149.24.26,fail,1558430911
1035,83.149.24.26,fail,1558430911
1035,83.149.24.26,fail,1558430911
1035,83.149.24.26,fail,1558430911
1035,83.149.24.26,fail,1558430911
1035,83.149.24.26,fail,1558430911
1035,83.149.24.26,fail,1558430911
1035,83.149.24.26,fail,1558430911
1035,83.149.24.26,fail,1558430911
1035,83.149.24.26,fail,1558430911
1035,83.149.24.26,fail,1558430911
1035,83.149.24.26,fail,1558430911
1035,83.149.24.26,fail,1558430911
1035,83.149.24.26,fail,1558430911
1035,83.149.24.26,fail,1558430911
1035,83.149.24.26,fail,1558430911
1035,83.149.24.26,fail,1558430911
1035,83.149.24.26,fail,1558430911
1035,83.149.24.26,fail,1558430911
1035,83.149.24.26,fail,1558430911
1035,83.149.24.26,fail,1558430911
1035,83.149.24.26,fail,1558430911
1035,83.149.24.26,fail,1558430911
1035,83.149.24.26,fail,1558430911
1035,83.149.24.26,fail,1558430911
1035,83.149.24.26,fail,1558430911
1035,83.149.24.26,fail,1558430911
1035,83.149.24.26,fail,1558430911
1035,83.149.24.26,fail,1558430911
1035,83.149.24.26,fail,1558430911
1035,83.149.24.26,fail,1558430911
1035,83.149.24.26,fail,1558430911
1035,83.149.24.26,fail,1558430911
1035,83.149.24.26,fail,1558430911
1035,83.149.24.26,fail,1558430911
1035,83.149.24.26,fail,1558430911
1035,83.149.24.26,fail,1558430911
1035,83.149.24.26,fail,1558430911
1035,83.149.24.26,fail,1558430911
1035,83.149.24.26,fail,1558430911
1035,83.149.24.26,fail,1558430911
1035,83.149.24.26,fail,1558430911
1035,83.149.24.26,fail,1558430911
1035,83.149.24.26,fail,1558430911
1035,83.149.24.26,fail,1558430911
1035,83.149.24.26,fail,1558430911
1035,83.149.24.26,fail,1558430911
1035,83.149.24.26,fail,1558430911
1035,83.149.24.26,fail,1558430911
1035,83.149.24.26,fail,1558430911
1035,83.149.24.26,fail,1558430911
1035,83.149.24.26,fail,1558430911
1035,83.149.24.26,fail,1558430911
1035,83.149.24.26,fail,1558430911
1035,83.149.24.26,fail,1558430911
1035,83.149.24.26,fail,1558430911
1035,83.149.24.26,fail,1558430911
1035,83.149.24.26,fail,1558430911
1035,83.149.24.26,fail,1558430911
1035,83.149.24.26,fail,1558430911
1035,83.149.24.26,fail,1558430911
1035,83.149.24.26,fail,1558430911
1035,83.149.24.26,fail,1558430911
1035,83.149.24.26,fail,1558430911
1035,83.149.24.26,fail,1558430911
1035,83.149.24.26,fail,1558430911
1035,83.149.24.26,fail,1558430911
1035,83.149.24.26,fail,1558430911
1035,83.149.24.26,fail,1558430911
1035,83.149.24.26,fail,1558430911
1035,83.149.24.26,fail,1558430911
1035,83.149.24.26,fail,1558430911
1035,83.149.24.26,fail,1558430911
1035,83.149.24.26,fail,1558430911
1035,83.149.24.26,fail,1558430911
1035,83.149.24.26,fail,1558430911
1035,83.149.24.26,fail,1558430911
1035,83.149.24.26,fail,1558430911
1035,83.149.24.26,fail,1558430911
1035,83.149.24.26,fail,1558430911
1035,83.149.24.26,fail,1558430911
1035,83.149.24.26,fail,1558430911
1035,83.149.24.26,fail,1558430911
1035,83.149.24.26,fail,1558430911
1035,83.149.24.26,fail,1558430911
1035,83.149.24.26,fail,1558430911
1035,83.149.24.26,fail,1558430911
1035,83.149.24.26,fail,1558430911
1035,83.149.24.26,fail,1558430915